DateVal,TotalUKCases,Vacunas,EnglandCases,Sintomas,Vacunado,Lugar Vacuna
2/12/2021,13,Pfizer,60,Congestion,TRUE,Londres
3/1/2021,38,Pfizer,37,Congestion,TRUE,Londres
9/2/2020,33,Pfizer,51,Congestion,FALSE,Londres
7/17/2020,14,Moderna,85,Congestion,TRUE,Londres
7/6/2020,95,Moderna,95,Fiebre,TRUE,Londres
8/15/2020,28,Moderna,8,Neumonia,TRUE,Londres
11/7/2020,67,Moderna,69,Neumonia,FALSE,Londres
7/12/2020,36,Moderna,51,Neumonia,FALSE,Londres
7/25/2020,81,Moderna,27,Neumonia,TRUE,Londres
12/7/2020,34,Moderna,74,Neumonia,FALSE,Londres
1/11/2021,92,Moderna,46,Neumonia,TRUE,Londres
2/1/2021,25,Moderna,22,Neumonia,FALSE,Londres
6/20/2020,46,Pfizer,62,Neumonia,TRUE,Londres
10/11/2020,48,Pfizer,78,Neumonia,TRUE,Londres
6/21/2020,62,Astrazeneca,31,Neumonia,FALSE,Londres
8/23/2020,25,Astrazeneca,76,Congestion,TRUE,Londres
9/16/2020,76,Astrazeneca,9,Congestion,FALSE,Londres
2/22/2021,29,Astrazeneca,94,Fiebre,FALSE,Londres
1/29/2021,28,Astrazeneca,83,Fiebre,FALSE,Londres
2/23/2021,16,Pfizer,22,Fiebre,FALSE,Londres
11/12/2020,46,Pfizer,85,Fiebre,TRUE,Liverpool
4/28/2020,81,Pfizer,27,Fiebre,FALSE,Liverpool
6/3/2020,82,Pfizer,90,Fiebre,FALSE,Liverpool
5/31/2020,11,Pfizer,79,Fiebre,FALSE,Liverpool
10/22/2020,63,Pfizer,48,Fiebre,FALSE,Liverpool
9/17/2020,16,Pfizer,76,Fiebre,TRUE,Liverpool
6/13/2020,99,Moderna,77,Fiebre,FALSE,Liverpool
1/5/2021,46,Moderna,71,Fiebre,FALSE,Liverpool
5/11/2020,49,Moderna,49,Fiebre,TRUE,Liverpool
12/23/2020,97,Moderna,94,Fiebre,TRUE,Liverpool
10/29/2020,19,Pfizer,47,Fiebre,FALSE,Liverpool
10/9/2020,1,Moderna,6,Fiebre,TRUE,Liverpool
7/18/2020,69,Astrazeneca,95,Fiebre,FALSE,Liverpool
6/14/2020,20,Astrazeneca,99,Fiebre,TRUE,Liverpool
4/9/2021,28,Astrazeneca,38,Fiebre,TRUE,Liverpool
3/29/2021,18,Astrazeneca,70,Fiebre,TRUE,Liverpool
10/5/2020,8,Astrazeneca,81,Fiebre,FALSE,Liverpool
1/15/2021,68,Astrazeneca,2,Fiebre,FALSE,Liverpool
11/2/2020,71,Astrazeneca,75,Fiebre,TRUE,Liverpool
4/29/2020,65,Astrazeneca,40,Fiebre,TRUE,Liverpool
7/11/2020,25,Astrazeneca,95,Fiebre,TRUE,Liverpool
2/6/2021,30,Astrazeneca,78,Fiebre,TRUE,Liverpool
6/18/2020,77,Astrazeneca,2,Fiebre,TRUE,Liverpool
12/11/2020,99,Astrazeneca,33,Fiebre,TRUE,Liverpool
11/18/2020,18,Astrazeneca,20,Fiebre,TRUE,Liverpool
7/25/2020,61,Astrazeneca,11,Fiebre,FALSE,Liverpool
2/20/2021,42,Astrazeneca,100,Fiebre,TRUE,Liverpool
12/5/2020,36,Astrazeneca,65,Fiebre,TRUE,Liverpool
2/22/2021,95,Astrazeneca,17,Fiebre,TRUE,Liverpool
1/12/2021,3,Astrazeneca,56,Fiebre,FALSE,Liverpool
12/21/2020,13,Astrazeneca,26,Fiebre,FALSE,Liverpool
2/1/2021,7,Astrazeneca,60,Fiebre,TRUE,Liverpool
9/22/2020,10,Astrazeneca,83,Fiebre,FALSE,Liverpool
5/19/2020,8,Astrazeneca,32,Fiebre,FALSE,Liverpool
9/28/2020,80,Astrazeneca,44,Congestion,TRUE,Liverpool
8/26/2020,58,Astrazeneca,49,Congestion,FALSE,Liverpool
9/10/2020,86,Astrazeneca,49,Congestion,FALSE,Liverpool
11/20/2020,84,Astrazeneca,88,Congestion,TRUE,Liverpool
6/21/2020,71,Astrazeneca,97,Congestion,FALSE,Liverpool
5/30/2020,22,Astrazeneca,76,Congestion,TRUE,Liverpool
12/13/2020,20,Astrazeneca,93,Congestion,FALSE,Liverpool
1/6/2021,78,Astrazeneca,43,Congestion,TRUE,Liverpool
11/21/2020,13,Astrazeneca,34,Congestion,FALSE,Liverpool
6/29/2020,47,Astrazeneca,6,Congestion,FALSE,Liverpool
9/11/2020,38,Astrazeneca,3,Congestion,FALSE,Liverpool
8/9/2020,76,Astrazeneca,52,Congestion,FALSE,Liverpool
1/22/2021,83,Astrazeneca,65,Congestion,TRUE,Liverpool
12/10/2020,9,Astrazeneca,94,Coma,FALSE,Liverpool
5/24/2020,86,Astrazeneca,46,Coma,FALSE,Liverpool
3/10/2021,33,Astrazeneca,90,Coma,FALSE,Liverpool
4/12/2021,72,Astrazeneca,93,Coma,FALSE,Liverpool
4/7/2021,17,Pfizer,85,Coma,TRUE,Liverpool
2/9/2021,33,Pfizer,86,Congestion,FALSE,Liverpool
5/23/2020,31,Pfizer,63,Congestion,FALSE,Londres
9/26/2020,96,Pfizer,51,Congestion,FALSE,Londres
10/28/2020,40,Pfizer,24,Congestion,TRUE,Londres
8/22/2020,92,Moderna,21,Congestion,TRUE,Londres
4/8/2021,56,Moderna,46,Congestion,TRUE,Londres
2/26/2021,60,Moderna,51,Congestion,FALSE,Londres
1/10/2021,100,Moderna,89,Congestion,FALSE,Londres
4/26/2020,58,Moderna,2,Congestion,TRUE,Londres
10/27/2020,57,Moderna,75,Congestion,TRUE,Londres
8/27/2020,55,Moderna,4,Congestion,FALSE,Londres
8/25/2020,55,Moderna,57,Congestion,FALSE,Londres
7/28/2020,43,Moderna,24,Congestion,FALSE,Londres
7/1/2020,40,Moderna,12,Congestion,FALSE,Londres
1/20/2021,18,Moderna,96,Congestion,TRUE,Londres
1/2/2021,41,Moderna,22,Congestion,TRUE,Londres
8/18/2020,88,Moderna,28,Congestion,FALSE,Londres
12/19/2020,22,Moderna,99,Congestion,FALSE,Londres
3/29/2021,72,Moderna,54,Congestion,TRUE,Londres
8/4/2020,41,Moderna,72,Congestion,FALSE,Londres
10/8/2020,39,Moderna,98,Congestion,TRUE,Londres
6/13/2020,56,Moderna,14,Congestion,FALSE,Londres
12/3/2020,69,Moderna,52,Congestion,FALSE,Londres
5/31/2020,100,Moderna,86,Congestion,TRUE,Londres
9/24/2020,27,Moderna,97,Congestion,TRUE,Londres
2/2/2021,33,Moderna,47,Congestion,FALSE,Londres
11/7/2020,98,Moderna,87,Congestion,FALSE,Londres
2/19/2021,53,Moderna,28,Congestion,FALSE,Londres
11/22/2020,26,Moderna,87,Congestion,FALSE,Londres
2/3/2021,88,Moderna,93,Congestion,TRUE,Londres
7/13/2020,96,Moderna,44,Congestion,FALSE,Londres
11/19/2020,99,Moderna,72,Congestion,TRUE,Londres
8/4/2020,5,Moderna,67,Congestion,FALSE,Londres
9/27/2020,7,Moderna,16,Congestion,FALSE,Londres
4/1/2021,82,Moderna,29,Congestion,FALSE,Londres
8/15/2020,51,Moderna,80,Congestion,TRUE,Londres
10/19/2020,15,Moderna,76,Congestion,FALSE,Londres
3/20/2021,29,Moderna,31,Congestion,FALSE,Londres
10/10/2020,99,Moderna,6,Neumonia,FALSE,Londres
5/17/2020,36,Moderna,90,Neumonia,TRUE,Londres
8/14/2020,41,Moderna,85,Neumonia,TRUE,Londres
1/10/2021,77,Moderna,40,Neumonia,FALSE,Londres
9/18/2020,69,Moderna,31,Neumonia,TRUE,Londres
3/21/2021,89,Moderna,19,Neumonia,FALSE,Londres
10/5/2020,8,Moderna,61,Neumonia,FALSE,Londres
12/30/2020,51,Moderna,12,Neumonia,FALSE,Londres
12/22/2020,85,Moderna,20,Neumonia,FALSE,Londres
10/18/2020,35,Moderna,7,Neumonia,FALSE,Londres
8/14/2020,3,Moderna,84,Neumonia,TRUE,Londres
7/11/2020,55,Moderna,47,Neumonia,TRUE,Londres
3/20/2021,95,Moderna,62,Neumonia,TRUE,Londres
2/11/2021,50,Moderna,51,Neumonia,FALSE,Londres
10/5/2020,42,Moderna,92,Neumonia,FALSE,Londres
5/27/2020,50,Moderna,10,Neumonia,FALSE,Londres
10/10/2020,5,Moderna,40,Neumonia,FALSE,Londres
7/10/2020,82,Moderna,30,Neumonia,FALSE,Londres
1/8/2021,93,Moderna,34,Neumonia,TRUE,Londres
12/28/2020,98,Moderna,82,Neumonia,FALSE,Londres
6/1/2020,85,Moderna,78,Neumonia,TRUE,Londres
2/8/2021,75,Moderna,75,Neumonia,TRUE,Londres
2/21/2021,73,Moderna,94,Neumonia,TRUE,Londres
7/8/2020,76,Moderna,14,Neumonia,TRUE,Londres
3/11/2021,44,Moderna,68,Neumonia,FALSE,Londres
2/19/2021,23,Moderna,31,Neumonia,TRUE,Londres
5/3/2020,95,Moderna,44,Neumonia,TRUE,Londres
10/24/2020,1,Moderna,11,Neumonia,FALSE,Londres
10/13/2020,59,Moderna,21,Congestion,TRUE,Londres
6/25/2020,52,Moderna,81,Congestion,FALSE,Londres
9/4/2020,17,Moderna,74,Congestion,TRUE,Londres
12/7/2020,62,Moderna,86,Fiebre,FALSE,Londres
8/30/2020,32,Moderna,25,Fiebre,TRUE,Londres
5/31/2020,5,Moderna,94,Fiebre,TRUE,Londres
5/29/2020,3,Moderna,90,Fiebre,TRUE,Luton
9/10/2020,20,Moderna,67,Fiebre,TRUE,Luton
12/7/2020,94,Moderna,42,Fiebre,FALSE,Luton
7/7/2020,70,Moderna,72,Fiebre,TRUE,Luton
3/31/2021,9,Moderna,72,Fiebre,FALSE,Luton
4/10/2021,1,Moderna,84,Fiebre,TRUE,Luton
5/27/2020,13,Moderna,81,Fiebre,TRUE,Luton
7/28/2020,98,Moderna,85,Fiebre,TRUE,Luton
5/18/2020,43,Moderna,89,Fiebre,FALSE,Luton
1/24/2021,59,Moderna,46,Fiebre,TRUE,Luton
11/5/2020,3,Moderna,92,Fiebre,TRUE,Luton
2/16/2021,18,Moderna,99,Fiebre,TRUE,Luton
9/6/2020,14,Moderna,95,Fiebre,FALSE,Luton
11/16/2020,21,Moderna,72,Fiebre,FALSE,Luton
9/18/2020,49,Moderna,19,Fiebre,FALSE,Luton
2/19/2021,53,Moderna,59,Fiebre,TRUE,Londres
12/10/2020,6,Moderna,72,Congestion,FALSE,Londres
6/23/2020,9,Moderna,69,Congestion,TRUE,Londres
11/10/2020,69,Moderna,17,Neumonia,FALSE,Londres
8/14/2020,82,Moderna,72,Neumonia,FALSE,Londres
10/5/2020,51,Moderna,7,Neumonia,TRUE,Londres
5/31/2020,69,Moderna,15,Neumonia,TRUE,Londres
6/15/2020,83,Moderna,6,Neumonia,TRUE,Londres
7/20/2020,20,Moderna,3,Neumonia,FALSE,Londres
2/8/2021,51,Moderna,67,Neumonia,TRUE,Londres
12/7/2020,80,Moderna,98,Neumonia,TRUE,Londres
10/4/2020,35,Moderna,51,Neumonia,TRUE,Liverpool
4/2/2021,12,Moderna,14,Neumonia,FALSE,Liverpool
7/14/2020,83,Moderna,23,Neumonia,FALSE,Liverpool
5/19/2020,82,Moderna,26,Neumonia,TRUE,Liverpool
11/4/2020,88,Moderna,23,Neumonia,FALSE,Liverpool
10/7/2020,65,Pfizer,85,Congestion,FALSE,Liverpool
5/3/2020,64,Pfizer,25,Congestion,FALSE,Liverpool
2/12/2021,51,Pfizer,9,Congestion,TRUE,Liverpool
5/9/2020,54,Pfizer,51,Congestion,TRUE,Liverpool
4/3/2021,76,Pfizer,46,Coma,TRUE,Liverpool
1/12/2021,98,Pfizer,78,Coma,TRUE,Liverpool
7/24/2020,91,Pfizer,30,Coma,FALSE,Liverpool
6/20/2020,6,Pfizer,30,Coma,TRUE,Liverpool
10/3/2020,39,Pfizer,71,Coma,TRUE,Liverpool
7/27/2020,85,Pfizer,40,Coma,FALSE,Liverpool
8/12/2020,99,Pfizer,26,Coma,FALSE,Liverpool
1/5/2021,91,Pfizer,2,Coma,TRUE,Liverpool
1/5/2021,9,Pfizer,6,Coma,FALSE,Liverpool
1/6/2021,90,Pfizer,14,Coma,FALSE,Liverpool
7/29/2020,37,Pfizer,43,Coma,TRUE,Liverpool
8/30/2020,50,Pfizer,4,Congestion,FALSE,Londres
5/7/2020,20,Pfizer,84,Congestion,FALSE,Londres
4/5/2021,26,Pfizer,70,Congestion,FALSE,Londres
3/11/2021,9,Pfizer,58,Congestion,FALSE,Londres
3/13/2021,97,Pfizer,28,Congestion,TRUE,Londres
6/23/2020,33,Pfizer,45,Neumonia,TRUE,Londres
4/15/2021,11,Pfizer,19,Neumonia,TRUE,Luton
2/17/2021,74,Pfizer,63,Neumonia,TRUE,Londres
4/12/2021,41,Pfizer,42,Neumonia,TRUE,Londres
1/18/2021,66,Pfizer,33,Neumonia,TRUE,Londres
8/8/2020,49,Pfizer,6,Neumonia,FALSE,Londres
6/21/2020,90,Pfizer,93,Neumonia,TRUE,Londres
3/7/2021,32,Pfizer,96,Neumonia,FALSE,Londres
7/14/2020,33,Pfizer,2,Neumonia,TRUE,Londres
6/29/2020,52,Pfizer,26,Neumonia,FALSE,Londres
4/3/2021,44,Pfizer,21,Neumonia,TRUE,Londres
12/17/2020,54,Pfizer,95,Neumonia,FALSE,Londres
10/18/2020,94,Pfizer,69,Neumonia,FALSE,Londres
7/1/2020,91,Pfizer,75,Neumonia,TRUE,Londres
9/1/2020,75,Pfizer,41,Neumonia,TRUE,Londres
11/21/2020,96,Pfizer,17,Neumonia,TRUE,Londres
10/30/2020,74,Pfizer,18,Neumonia,FALSE,Londres
4/24/2020,92,Pfizer,2,Neumonia,TRUE,Londres
7/25/2020,8,Pfizer,77,Neumonia,TRUE,Londres
7/30/2020,4,Pfizer,76,Neumonia,TRUE,Londres
10/10/2020,83,Pfizer,52,Neumonia,TRUE,Londres
8/19/2020,91,Pfizer,71,Neumonia,TRUE,Londres
3/27/2021,70,Pfizer,36,Neumonia,FALSE,Londres
12/2/2020,3,Pfizer,84,Neumonia,FALSE,Londres
3/1/2021,25,Pfizer,97,Congestion,TRUE,Londres
1/14/2021,36,Pfizer,91,Congestion,FALSE,Londres
5/27/2020,99,Pfizer,10,Congestion,TRUE,Londres
7/6/2020,10,Pfizer,94,Congestion,TRUE,Londres
1/8/2021,99,Pfizer,66,Congestion,TRUE,Londres
8/10/2020,70,Astrazeneca,86,Congestion,TRUE,Londres
4/14/2021,84,Astrazeneca,38,Congestion,FALSE,Londres
7/28/2020,92,Astrazeneca,84,Congestion,FALSE,Londres
9/18/2020,72,Astrazeneca,19,Congestion,TRUE,Londres
11/7/2020,79,Astrazeneca,60,Congestion,TRUE,Londres
9/6/2020,35,Astrazeneca,81,Congestion,FALSE,Londres
11/1/2020,22,Astrazeneca,29,Congestion,TRUE,Londres
4/29/2020,86,Astrazeneca,56,Congestion,FALSE,Londres
6/11/2020,74,Astrazeneca,92,Fiebre,TRUE,Londres
8/30/2020,4,Astrazeneca,33,Fiebre,FALSE,Londres
12/17/2020,18,Astrazeneca,53,Fiebre,FALSE,Londres
8/19/2020,81,Astrazeneca,57,Fiebre,FALSE,Londres
6/18/2020,43,Astrazeneca,37,Fiebre,FALSE,Londres
10/12/2020,73,Astrazeneca,95,Fiebre,TRUE,Londres
8/15/2020,11,Astrazeneca,92,Fiebre,FALSE,Londres
4/5/2021,93,Astrazeneca,94,Fiebre,FALSE,Londres
6/22/2020,57,Astrazeneca,28,Fiebre,FALSE,Londres
12/6/2020,38,Astrazeneca,97,Fiebre,FALSE,Londres
2/18/2021,65,Astrazeneca,19,Fiebre,TRUE,Londres
9/14/2020,87,Astrazeneca,62,Fiebre,TRUE,Londres
2/13/2021,39,Astrazeneca,14,Fiebre,TRUE,Londres
5/14/2020,77,Astrazeneca,93,Fiebre,FALSE,Londres
1/5/2021,88,Astrazeneca,39,Fiebre,FALSE,Londres
12/28/2020,66,Astrazeneca,22,Fiebre,TRUE,Londres
4/17/2021,92,Astrazeneca,85,Fiebre,FALSE,Londres
8/26/2020,53,Astrazeneca,21,Fiebre,FALSE,Londres
4/28/2020,100,Astrazeneca,77,Fiebre,TRUE,Londres
10/9/2020,31,Astrazeneca,96,Fiebre,FALSE,Londres
2/25/2021,17,Astrazeneca,15,Fiebre,TRUE,Londres
7/10/2020,22,Astrazeneca,53,Fiebre,TRUE,Londres
11/28/2020,34,Astrazeneca,96,Fiebre,TRUE,Londres
8/29/2020,31,Astrazeneca,4,Fiebre,TRUE,Londres
8/15/2020,77,Astrazeneca,9,Fiebre,TRUE,Londres
11/10/2020,65,Astrazeneca,84,Fiebre,FALSE,Londres
2/9/2021,81,Astrazeneca,17,Fiebre,TRUE,Londres
1/16/2021,2,Astrazeneca,28,Fiebre,TRUE,Londres
6/17/2020,65,Astrazeneca,26,Fiebre,FALSE,Londres
11/24/2020,94,Astrazeneca,48,Fiebre,FALSE,Londres
9/29/2020,91,Astrazeneca,24,Fiebre,FALSE,Londres
11/20/2020,35,Astrazeneca,83,Fiebre,TRUE,Londres
3/2/2021,55,Astrazeneca,63,Fiebre,TRUE,Londres
1/11/2021,90,Astrazeneca,46,Fiebre,TRUE,Londres
3/14/2021,85,Astrazeneca,44,Fiebre,TRUE,Londres
7/6/2020,81,Astrazeneca,84,Fiebre,FALSE,Londres
9/10/2020,58,Astrazeneca,43,Fiebre,TRUE,Londres
3/10/2021,71,Astrazeneca,66,Fiebre,FALSE,Londres
5/7/2020,68,Astrazeneca,56,Fiebre,FALSE,Londres
1/1/2021,84,Astrazeneca,36,Fiebre,TRUE,Londres
5/23/2020,14,Astrazeneca,5,Fiebre,FALSE,Londres
10/4/2020,65,Astrazeneca,29,Fiebre,FALSE,Londres
11/5/2020,6,Astrazeneca,15,Fiebre,TRUE,Londres
10/26/2020,5,Astrazeneca,55,Fiebre,FALSE,Londres
3/1/2021,72,Astrazeneca,8,Fiebre,FALSE,Londres
8/26/2020,85,Astrazeneca,45,Fiebre,FALSE,Londres
4/6/2021,37,Astrazeneca,96,Fiebre,TRUE,Londres
11/4/2020,45,Astrazeneca,82,Fiebre,FALSE,Londres
8/15/2020,20,Astrazeneca,74,Fiebre,FALSE,Londres
10/31/2020,84,Astrazeneca,95,Fiebre,TRUE,Londres
4/28/2020,39,Astrazeneca,39,Fiebre,FALSE,Londres
2/8/2021,20,Astrazeneca,78,Fiebre,TRUE,Londres
4/2/2021,81,Astrazeneca,9,Fiebre,FALSE,Londres
12/15/2020,13,Astrazeneca,75,Fiebre,TRUE,Londres
6/25/2020,13,Astrazeneca,69,Fiebre,FALSE,Londres
5/28/2020,24,Pfizer,94,Fiebre,FALSE,Londres
4/5/2021,61,Pfizer,85,Fiebre,FALSE,Londres
2/18/2021,43,Pfizer,75,Fiebre,FALSE,Londres
4/24/2020,94,Pfizer,70,Fiebre,FALSE,Londres
1/3/2021,95,Pfizer,85,Fiebre,FALSE,Londres
10/11/2020,60,Pfizer,46,Fiebre,FALSE,Londres
11/6/2020,58,Pfizer,90,Fiebre,FALSE,Londres
4/5/2021,85,Pfizer,59,Fiebre,FALSE,Londres
8/20/2020,5,Pfizer,14,Fiebre,FALSE,Londres
8/23/2020,71,Pfizer,64,Fiebre,FALSE,Londres
11/23/2020,73,Pfizer,97,Fiebre,TRUE,Londres
8/20/2020,6,Moderna,66,Fiebre,TRUE,Londres
2/3/2021,28,Moderna,97,Fiebre,TRUE,Londres
5/21/2020,68,Moderna,9,Fiebre,TRUE,Londres
6/16/2020,81,Moderna,10,Fiebre,TRUE,Luton
5/13/2020,7,Moderna,33,Fiebre,TRUE,Luton
8/5/2020,54,Moderna,51,Fiebre,FALSE,Luton
1/31/2021,98,Moderna,72,Fiebre,FALSE,Luton
8/20/2020,69,Moderna,58,Fiebre,TRUE,Luton
2/20/2021,50,Moderna,64,Fiebre,TRUE,Luton
8/2/2020,49,Moderna,54,Fiebre,FALSE,Luton
10/7/2020,83,Moderna,67,Fiebre,FALSE,Luton
3/1/2021,15,Moderna,2,Fiebre,FALSE,Luton
7/21/2020,8,Moderna,5,Fiebre,TRUE,Luton
5/27/2020,69,Moderna,96,Fiebre,FALSE,Luton
3/30/2021,50,Moderna,42,Fiebre,TRUE,Luton
1/1/2021,53,Moderna,59,Fiebre,TRUE,Luton
8/26/2020,31,Moderna,65,Fiebre,FALSE,Luton
3/21/2021,13,Moderna,60,Fiebre,TRUE,Luton
12/20/2020,89,Moderna,33,Fiebre,FALSE,Luton
6/29/2020,27,Moderna,65,Fiebre,TRUE,Luton
7/7/2020,63,Moderna,80,Fiebre,FALSE,Luton
9/8/2020,83,Moderna,62,Fiebre,FALSE,Luton
11/26/2020,35,Moderna,91,Fiebre,FALSE,Luton
7/19/2020,75,Moderna,35,Fiebre,TRUE,Luton
2/3/2021,40,Moderna,4,Fiebre,TRUE,Luton
5/10/2020,17,Moderna,69,Fiebre,FALSE,Luton
8/31/2020,5,Moderna,25,Fiebre,TRUE,Luton
2/1/2021,57,Moderna,6,Fiebre,TRUE,Luton
4/24/2020,88,Moderna,99,Congestion,FALSE,Luton
1/10/2021,91,Moderna,8,Congestion,FALSE,Luton
4/10/2021,61,Moderna,30,Congestion,TRUE,Luton
1/20/2021,39,Moderna,24,Congestion,TRUE,Luton
9/20/2020,17,Moderna,42,Coma,FALSE,Luton
10/5/2020,47,Moderna,50,Coma,FALSE,Luton
8/22/2020,73,Moderna,74,Coma,FALSE,Luton
10/31/2020,78,Moderna,25,Coma,TRUE,Luton
6/10/2020,55,Moderna,23,Coma,FALSE,Luton
11/12/2020,24,Moderna,22,Coma,FALSE,Luton
3/22/2021,79,Moderna,91,Coma,FALSE,Luton
6/30/2020,1,Moderna,88,Coma,FALSE,Luton
6/4/2020,45,Moderna,57,Coma,TRUE,Londres
5/25/2020,7,Moderna,6,Coma,FALSE,Londres
7/4/2020,71,Moderna,99,Coma,FALSE,Londres
6/21/2020,38,Moderna,98,Coma,TRUE,Londres
9/17/2020,29,Moderna,69,Coma,TRUE,Londres
2/5/2021,84,Moderna,12,Coma,TRUE,Londres
3/8/2021,100,Moderna,37,Coma,FALSE,Londres
9/7/2020,42,Moderna,64,Coma,TRUE,Londres
2/21/2021,67,Moderna,23,Coma,TRUE,Londres
7/20/2020,38,Moderna,11,Coma,TRUE,Londres
2/12/2021,29,Moderna,76,Coma,TRUE,Londres
8/4/2020,70,Moderna,73,Coma,TRUE,Londres
5/16/2020,76,Moderna,62,Coma,TRUE,Londres
7/9/2020,99,Moderna,74,Coma,TRUE,Londres
10/10/2020,15,Moderna,50,Coma,FALSE,Londres
2/15/2021,88,Moderna,56,Coma,TRUE,Londres
9/6/2020,75,Moderna,35,Coma,FALSE,Londres
4/26/2020,55,Moderna,20,Coma,FALSE,Londres
10/29/2020,24,Moderna,43,Coma,FALSE,Londres
3/12/2021,33,Pfizer,70,Coma,TRUE,Londres
8/26/2020,100,Pfizer,95,Coma,FALSE,Londres
4/11/2021,100,Pfizer,97,Coma,FALSE,Londres
6/14/2020,49,Pfizer,60,Coma,FALSE,Londres
3/15/2021,11,Pfizer,5,Coma,TRUE,Londres
6/22/2020,1,Pfizer,59,Coma,TRUE,Londres
8/14/2020,47,Pfizer,100,Congestion,FALSE,Londres
3/3/2021,43,Pfizer,1,Congestion,FALSE,Londres
1/15/2021,55,Pfizer,61,Congestion,TRUE,Londres
6/9/2020,57,Pfizer,23,Congestion,TRUE,Londres
4/9/2021,81,Pfizer,53,Congestion,FALSE,Londres
9/5/2020,22,Pfizer,5,Congestion,TRUE,Londres
11/17/2020,81,Pfizer,79,Congestion,FALSE,Londres
10/18/2020,15,Pfizer,25,Congestion,TRUE,Londres
1/19/2021,21,Pfizer,98,Congestion,TRUE,Londres
12/17/2020,8,Pfizer,47,Congestion,TRUE,Londres
4/5/2021,37,Pfizer,69,Neumonia,FALSE,Londres
11/14/2020,5,Pfizer,93,Congestion,FALSE,Londres
10/6/2020,24,Pfizer,48,Congestion,TRUE,Londres
8/31/2020,47,Pfizer,46,Congestion,FALSE,Londres
11/3/2020,42,Pfizer,88,Congestion,FALSE,Londres
1/19/2021,50,Pfizer,86,Congestion,FALSE,Londres
11/17/2020,12,Pfizer,8,Congestion,TRUE,Londres
7/27/2020,28,Pfizer,2,Congestion,TRUE,Londres
1/14/2021,79,Pfizer,80,Congestion,TRUE,Londres
11/17/2020,27,Pfizer,12,Coma,FALSE,Londres
12/10/2020,50,Pfizer,49,Congestion,TRUE,Londres
6/15/2020,66,Pfizer,38,Congestion,FALSE,Liverpool
6/18/2020,16,Pfizer,52,Congestion,TRUE,Liverpool
3/10/2021,19,Pfizer,35,Congestion,TRUE,Liverpool
11/17/2020,74,Pfizer,30,Congestion,TRUE,Liverpool
10/3/2020,45,Pfizer,47,Congestion,TRUE,Liverpool
4/29/2020,90,Pfizer,45,Congestion,FALSE,Liverpool
4/1/2021,5,Pfizer,62,Congestion,TRUE,Liverpool
11/17/2020,60,Pfizer,38,Congestion,TRUE,Liverpool
5/30/2020,61,Pfizer,84,Congestion,FALSE,Liverpool
12/29/2020,87,Pfizer,20,Congestion,FALSE,Liverpool
4/7/2021,57,Pfizer,60,Fiebre,FALSE,Liverpool
10/7/2020,8,Pfizer,65,Fiebre,TRUE,Liverpool
10/7/2020,5,Pfizer,67,Fiebre,FALSE,Liverpool
12/10/2020,2,Pfizer,3,Fiebre,TRUE,Liverpool
3/11/2021,82,Pfizer,12,Fiebre,TRUE,Liverpool
3/31/2021,97,Pfizer,5,Fiebre,TRUE,Liverpool
10/14/2020,5,Pfizer,89,Fiebre,FALSE,Liverpool
3/5/2021,36,Pfizer,17,Fiebre,TRUE,Liverpool
2/10/2021,84,Pfizer,27,Fiebre,FALSE,Liverpool
1/16/2021,49,Pfizer,57,Fiebre,FALSE,Liverpool
1/9/2021,68,Pfizer,49,Fiebre,TRUE,Liverpool
12/8/2020,48,Pfizer,25,Fiebre,TRUE,Liverpool
3/30/2021,64,Pfizer,9,Fiebre,TRUE,Londres
6/10/2020,57,Pfizer,72,Fiebre,FALSE,Londres
3/11/2021,90,Pfizer,29,Fiebre,TRUE,Londres
11/8/2020,95,Pfizer,99,Fiebre,FALSE,Londres
6/5/2020,21,Pfizer,74,Fiebre,FALSE,Londres
12/26/2020,4,Pfizer,85,Fiebre,TRUE,Londres
11/6/2020,2,Pfizer,77,Fiebre,FALSE,Londres
8/8/2020,60,Pfizer,18,Fiebre,FALSE,Londres
3/13/2021,71,Pfizer,32,Fiebre,FALSE,Londres
9/16/2020,41,Pfizer,82,Fiebre,TRUE,Londres
8/13/2020,37,Astrazeneca,51,Fiebre,TRUE,Londres
2/17/2021,73,Astrazeneca,35,Congestion,TRUE,Londres
9/25/2020,78,Astrazeneca,16,Congestion,TRUE,Londres
7/12/2020,37,Astrazeneca,44,Congestion,TRUE,Londres
7/15/2020,67,Astrazeneca,29,Congestion,TRUE,Londres
3/1/2021,57,Astrazeneca,96,Congestion,TRUE,Londres
11/27/2020,99,Astrazeneca,82,Congestion,FALSE,Londres
11/10/2020,67,Astrazeneca,55,Congestion,FALSE,Londres
11/20/2020,59,Astrazeneca,32,Congestion,TRUE,Londres
3/2/2021,34,Astrazeneca,6,Congestion,FALSE,Londres
10/9/2020,62,Astrazeneca,20,Congestion,FALSE,Londres
1/23/2021,18,Astrazeneca,25,Congestion,FALSE,Londres
1/13/2021,19,Astrazeneca,76,Congestion,TRUE,Londres
11/9/2020,65,Astrazeneca,58,Congestion,FALSE,Londres
5/3/2020,96,Astrazeneca,71,Congestion,TRUE,Londres
3/3/2021,76,Astrazeneca,42,Congestion,TRUE,Londres
1/22/2021,5,Astrazeneca,82,Congestion,FALSE,Londres
3/13/2021,54,Astrazeneca,60,Congestion,FALSE,Londres
10/5/2020,10,Astrazeneca,51,Congestion,FALSE,Londres
1/18/2021,91,Astrazeneca,48,Congestion,FALSE,Londres
4/25/2020,32,Astrazeneca,93,Congestion,FALSE,Londres
3/5/2021,82,Astrazeneca,97,Congestion,FALSE,Londres
1/20/2021,82,Astrazeneca,93,Congestion,FALSE,Londres
12/29/2020,54,Astrazeneca,13,Congestion,TRUE,Londres
9/9/2020,2,Astrazeneca,92,Congestion,FALSE,Londres
2/18/2021,69,Astrazeneca,94,Congestion,TRUE,Londres
4/16/2021,9,Astrazeneca,72,Congestion,FALSE,Londres
5/8/2020,25,Astrazeneca,56,Congestion,TRUE,Londres
6/12/2020,97,Astrazeneca,33,Congestion,TRUE,Londres
6/8/2020,63,Astrazeneca,93,Congestion,TRUE,Londres
8/29/2020,79,Astrazeneca,33,Coma,TRUE,Londres
4/15/2021,28,Astrazeneca,18,Coma,FALSE,Londres
7/17/2020,50,Astrazeneca,68,Coma,FALSE,Londres
9/3/2020,46,Astrazeneca,74,Coma,FALSE,Londres
7/4/2020,9,Astrazeneca,3,Coma,TRUE,Luton
2/3/2021,74,Astrazeneca,15,Coma,FALSE,Luton
10/1/2020,50,Astrazeneca,88,Coma,FALSE,Luton
3/3/2021,67,Astrazeneca,57,Coma,FALSE,Luton
10/4/2020,80,Astrazeneca,26,Coma,TRUE,Luton
5/1/2020,70,Astrazeneca,8,Coma,TRUE,Luton
9/10/2020,80,Astrazeneca,100,Coma,TRUE,Luton
8/1/2020,55,Astrazeneca,60,Coma,TRUE,Luton
1/26/2021,33,Astrazeneca,59,Coma,TRUE,Luton
6/25/2020,19,Astrazeneca,83,Coma,TRUE,Luton
5/7/2020,15,Astrazeneca,66,Coma,TRUE,Luton
11/7/2020,29,Astrazeneca,59,Coma,FALSE,Luton
11/12/2020,98,Astrazeneca,81,Coma,TRUE,Luton
3/13/2021,100,Astrazeneca,6,Coma,FALSE,Luton
2/20/2021,78,Astrazeneca,43,Coma,TRUE,Luton
1/4/2021,34,Astrazeneca,39,Coma,TRUE,Luton
11/1/2020,56,Astrazeneca,40,Coma,TRUE,Luton
4/21/2021,56,Astrazeneca,84,Coma,TRUE,Luton
10/2/2020,74,Astrazeneca,36,Coma,TRUE,Luton
9/25/2020,40,Astrazeneca,31,Coma,TRUE,Luton
9/21/2020,87,Astrazeneca,57,Coma,FALSE,Luton
11/2/2020,99,Astrazeneca,56,Coma,TRUE,Luton
10/13/2020,97,Astrazeneca,4,Coma,FALSE,Luton
3/7/2021,20,Astrazeneca,87,Coma,TRUE,Luton
7/19/2020,28,Astrazeneca,8,Coma,TRUE,Luton
2/20/2021,92,Astrazeneca,100,Coma,FALSE,Luton
4/12/2021,28,Astrazeneca,14,Coma,TRUE,Luton
12/13/2020,35,Astrazeneca,29,Coma,FALSE,Luton
10/11/2020,8,Astrazeneca,29,Coma,TRUE,Luton
9/15/2020,23,Astrazeneca,65,Coma,TRUE,Luton
4/3/2021,75,Astrazeneca,41,Coma,TRUE,Luton
3/30/2021,85,Astrazeneca,28,Coma,TRUE,Luton
1/25/2021,55,Astrazeneca,93,Coma,TRUE,Luton
5/26/2020,37,Astrazeneca,79,Coma,TRUE,Luton
2/24/2021,59,Astrazeneca,60,Coma,FALSE,Luton
12/4/2020,47,Astrazeneca,12,Coma,TRUE,Luton
10/8/2020,54,Astrazeneca,11,Coma,FALSE,Luton
12/12/2020,55,Astrazeneca,15,Coma,FALSE,Luton
11/6/2020,1,Astrazeneca,84,Congestion,TRUE,Luton
9/13/2020,25,Astrazeneca,33,Congestion,FALSE,Luton
8/11/2020,98,Astrazeneca,88,Congestion,FALSE,Luton
3/29/2021,61,Astrazeneca,60,Congestion,TRUE,Luton
6/25/2020,32,Astrazeneca,3,Congestion,FALSE,Luton
12/15/2020,88,Astrazeneca,74,Congestion,FALSE,Luton
2/27/2021,6,Astrazeneca,66,Congestion,TRUE,Luton
7/5/2020,15,Astrazeneca,50,Congestion,FALSE,Luton
4/24/2020,79,Astrazeneca,52,Neumonia,TRUE,Luton
5/22/2020,76,Astrazeneca,85,Neumonia,TRUE,Luton
1/10/2021,86,Astrazeneca,6,Neumonia,FALSE,Luton
7/25/2020,19,Astrazeneca,49,Neumonia,TRUE,Luton
1/28/2021,27,Astrazeneca,24,Neumonia,TRUE,Luton
9/28/2020,25,Pfizer,51,Neumonia,TRUE,Luton
12/27/2020,37,Moderna,25,Neumonia,TRUE,Luton
10/6/2020,40,Pfizer,27,Neumonia,TRUE,Luton
10/14/2020,87,Pfizer,3,Neumonia,TRUE,Luton
8/1/2020,30,Moderna,43,Neumonia,FALSE,Luton
1/18/2021,30,Moderna,22,Neumonia,FALSE,Luton
11/7/2020,24,Moderna,2,Neumonia,FALSE,Luton
9/22/2020,25,Moderna,87,Neumonia,TRUE,Luton
4/2/2021,78,Moderna,100,Neumonia,TRUE,Luton
1/20/2021,24,Moderna,57,Neumonia,TRUE,Luton
4/11/2021,6,Moderna,95,Neumonia,TRUE,Luton
8/1/2020,13,Moderna,5,Neumonia,TRUE,Luton
10/12/2020,69,Moderna,72,Neumonia,TRUE,Luton
10/4/2020,6,Moderna,10,Neumonia,FALSE,Luton
1/19/2021,94,Moderna,82,Neumonia,FALSE,Luton
8/1/2020,69,Moderna,47,Neumonia,FALSE,Luton
2/26/2021,33,Moderna,81,Congestion,FALSE,Luton
11/20/2020,47,Moderna,83,Congestion,TRUE,Luton
10/25/2020,27,Moderna,79,Congestion,TRUE,Luton
1/2/2021,92,Moderna,75,Congestion,TRUE,Luton
2/8/2021,47,Moderna,92,Coma,FALSE,Luton
3/28/2021,78,Moderna,93,Coma,TRUE,Londres
9/3/2020,36,Moderna,30,Coma,TRUE,Londres
12/5/2020,39,Moderna,72,Coma,TRUE,Londres
11/27/2020,1,Moderna,32,Coma,FALSE,Londres
7/16/2020,64,Moderna,41,Coma,TRUE,Londres
6/15/2020,51,Moderna,5,Coma,TRUE,Londres
11/14/2020,11,Moderna,93,Coma,TRUE,Londres
1/1/2021,52,Moderna,63,Coma,FALSE,Londres
5/17/2020,89,Moderna,74,Coma,TRUE,Londres
7/2/2020,66,Moderna,62,Coma,FALSE,Londres
11/13/2020,70,Moderna,57,Coma,TRUE,Londres
2/19/2021,17,Moderna,91,Coma,FALSE,Londres
10/8/2020,93,Moderna,27,Coma,FALSE,Londres
5/24/2020,77,Moderna,77,Coma,TRUE,Londres
12/4/2020,20,Moderna,54,Coma,FALSE,Londres
9/19/2020,91,Moderna,62,Coma,FALSE,Londres
4/14/2021,34,Moderna,54,Coma,TRUE,Londres
12/6/2020,94,Moderna,68,Coma,TRUE,Londres
2/21/2021,49,Moderna,12,Coma,FALSE,Londres
5/3/2020,2,Moderna,7,Coma,FALSE,Londres
6/22/2020,25,Moderna,99,Coma,FALSE,Londres
8/28/2020,76,Moderna,69,Coma,FALSE,Londres
5/24/2020,81,Moderna,45,Coma,FALSE,Londres
11/20/2020,27,Pfizer,15,Coma,FALSE,Londres
4/22/2021,9,Pfizer,60,Coma,TRUE,Londres
3/1/2021,34,Pfizer,16,Coma,TRUE,Londres
4/15/2021,81,Pfizer,96,Coma,TRUE,Londres
10/17/2020,38,Pfizer,65,Coma,FALSE,Londres
9/22/2020,97,Pfizer,81,Coma,TRUE,Londres
10/19/2020,52,Pfizer,78,Coma,FALSE,Londres
9/1/2020,57,Pfizer,3,Coma,TRUE,Londres
12/11/2020,57,Pfizer,91,Coma,TRUE,Londres
5/20/2020,18,Pfizer,9,Coma,FALSE,Londres
10/22/2020,43,Pfizer,31,Coma,TRUE,Londres
5/1/2020,41,Pfizer,95,Coma,FALSE,Londres
6/28/2020,42,Pfizer,31,Coma,TRUE,Londres
12/22/2020,34,Pfizer,16,Coma,FALSE,Londres
6/3/2020,76,Pfizer,52,Coma,FALSE,Londres
5/3/2020,27,Pfizer,99,Coma,FALSE,Londres
3/3/2021,7,Pfizer,15,Coma,FALSE,Londres
12/25/2020,31,Pfizer,70,Coma,TRUE,Londres
6/29/2020,39,Pfizer,99,Coma,FALSE,Londres
3/7/2021,85,Pfizer,94,Congestion,TRUE,Londres
7/13/2020,35,Pfizer,76,Congestion,FALSE,Londres
4/4/2021,69,Pfizer,70,Congestion,TRUE,Liverpool
12/27/2020,37,Pfizer,91,Congestion,FALSE,Liverpool
11/21/2020,5,Pfizer,4,Congestion,FALSE,Liverpool
12/28/2020,18,Pfizer,13,Congestion,TRUE,Liverpool
4/17/2021,31,Pfizer,10,Congestion,FALSE,Liverpool
7/5/2020,20,Pfizer,34,Congestion,TRUE,Liverpool
6/17/2020,28,Pfizer,31,Congestion,TRUE,Liverpool
12/30/2020,12,Pfizer,52,Congestion,FALSE,Liverpool
3/18/2021,5,Pfizer,53,Congestion,FALSE,Liverpool
3/6/2021,62,Pfizer,8,Congestion,TRUE,Liverpool
4/20/2021,7,Pfizer,49,Congestion,TRUE,Liverpool
7/4/2020,33,Pfizer,88,Congestion,FALSE,Liverpool
11/13/2020,67,Pfizer,51,Congestion,FALSE,Liverpool
9/30/2020,33,Pfizer,80,Congestion,TRUE,Liverpool
5/17/2020,34,Pfizer,36,Congestion,FALSE,Liverpool
4/5/2021,82,Pfizer,26,Congestion,FALSE,Liverpool
6/5/2020,43,Pfizer,81,Congestion,FALSE,Liverpool
6/7/2020,65,Pfizer,31,Fiebre,TRUE,Liverpool
3/22/2021,4,Pfizer,50,Fiebre,TRUE,Liverpool
2/10/2021,34,Pfizer,8,Fiebre,TRUE,Liverpool
3/16/2021,19,Pfizer,7,Fiebre,FALSE,Liverpool
10/26/2020,44,Pfizer,93,Fiebre,FALSE,Liverpool
3/26/2021,18,Pfizer,100,Fiebre,FALSE,Liverpool
4/2/2021,77,Pfizer,12,Fiebre,FALSE,Liverpool
11/26/2020,59,Pfizer,76,Fiebre,TRUE,Liverpool
2/24/2021,25,Pfizer,10,Fiebre,TRUE,Liverpool
8/13/2020,69,Astrazeneca,81,Fiebre,FALSE,Luton
3/25/2021,13,Astrazeneca,56,Fiebre,TRUE,Liverpool
9/1/2020,78,Astrazeneca,1,Fiebre,TRUE,Liverpool
3/17/2021,10,Astrazeneca,15,Fiebre,FALSE,Liverpool
1/26/2021,81,Astrazeneca,46,Fiebre,TRUE,Liverpool
6/4/2020,40,Astrazeneca,63,Fiebre,TRUE,Liverpool
9/13/2020,33,Astrazeneca,98,Fiebre,TRUE,Liverpool
1/10/2021,97,Astrazeneca,97,Fiebre,FALSE,Liverpool
11/26/2020,46,Astrazeneca,99,Fiebre,TRUE,Liverpool
10/21/2020,64,Astrazeneca,30,Fiebre,FALSE,Liverpool
3/19/2021,10,Astrazeneca,61,Fiebre,FALSE,Liverpool
8/18/2020,52,Astrazeneca,17,Fiebre,TRUE,Liverpool
11/20/2020,83,Astrazeneca,29,Fiebre,FALSE,Liverpool
8/17/2020,82,Astrazeneca,76,Fiebre,FALSE,Liverpool
2/28/2021,14,Astrazeneca,30,Fiebre,TRUE,Liverpool
10/2/2020,10,Astrazeneca,81,Fiebre,FALSE,Liverpool
10/28/2020,5,Astrazeneca,52,Fiebre,TRUE,Liverpool
6/10/2020,16,Astrazeneca,69,Fiebre,FALSE,Liverpool
9/29/2020,49,Astrazeneca,11,Fiebre,TRUE,Liverpool
8/26/2020,61,Astrazeneca,69,Fiebre,FALSE,Liverpool
10/21/2020,59,Astrazeneca,38,Fiebre,TRUE,Liverpool
7/8/2020,93,Astrazeneca,43,Fiebre,TRUE,Liverpool
1/16/2021,8,Astrazeneca,44,Fiebre,FALSE,Liverpool
7/1/2020,49,Astrazeneca,12,Fiebre,TRUE,Liverpool
2/14/2021,54,Astrazeneca,50,Fiebre,TRUE,Liverpool
1/26/2021,47,Astrazeneca,9,Fiebre,FALSE,Liverpool
9/25/2020,82,Pfizer,49,Fiebre,TRUE,Liverpool
12/9/2020,3,Pfizer,84,Fiebre,FALSE,Liverpool
4/11/2021,21,Pfizer,23,Fiebre,FALSE,Liverpool
10/16/2020,52,Pfizer,8,Fiebre,TRUE,Liverpool
12/11/2020,40,Pfizer,3,Fiebre,FALSE,Liverpool
4/22/2021,43,Pfizer,8,Fiebre,FALSE,Liverpool
6/19/2020,79,Pfizer,26,Fiebre,FALSE,Liverpool
6/15/2020,16,Pfizer,10,Fiebre,TRUE,Londres
5/29/2020,47,Pfizer,53,Fiebre,TRUE,Londres
9/15/2020,29,Pfizer,25,Fiebre,FALSE,Londres
6/5/2020,80,Pfizer,39,Fiebre,TRUE,Londres
6/5/2020,13,Pfizer,100,Fiebre,FALSE,Londres
10/6/2020,9,Pfizer,68,Neumonia,TRUE,Londres
11/6/2020,48,Pfizer,55,Neumonia,FALSE,Londres
3/7/2021,27,Pfizer,97,Neumonia,FALSE,Londres
11/19/2020,47,Pfizer,20,Neumonia,FALSE,Londres
8/28/2020,22,Pfizer,58,Neumonia,TRUE,Londres
1/29/2021,78,Pfizer,8,Neumonia,TRUE,Londres
1/2/2021,83,Pfizer,47,Neumonia,TRUE,Londres
7/14/2020,88,Pfizer,94,Neumonia,TRUE,Londres
4/27/2020,29,Pfizer,76,Neumonia,TRUE,Londres
5/24/2020,12,Pfizer,20,Neumonia,TRUE,Londres
8/16/2020,19,Pfizer,42,Neumonia,FALSE,Londres
9/19/2020,72,Pfizer,65,Neumonia,FALSE,Londres
12/27/2020,96,Pfizer,9,Neumonia,FALSE,Londres
1/25/2021,62,Pfizer,80,Neumonia,FALSE,Londres
3/30/2021,22,Pfizer,8,Neumonia,FALSE,Londres
10/10/2020,56,Pfizer,70,Neumonia,TRUE,Londres
12/28/2020,3,Pfizer,23,Neumonia,FALSE,Londres
10/17/2020,84,Pfizer,46,Neumonia,TRUE,Londres
4/28/2020,42,Pfizer,26,Neumonia,FALSE,Londres
7/27/2020,46,Pfizer,79,Neumonia,FALSE,Londres
3/31/2021,74,Pfizer,82,Neumonia,FALSE,Londres
1/4/2021,99,Pfizer,79,Neumonia,TRUE,Londres
7/13/2020,60,Pfizer,73,Neumonia,TRUE,Londres
9/12/2020,14,Pfizer,8,Neumonia,TRUE,Luton
11/3/2020,1,Pfizer,96,Neumonia,TRUE,Londres
10/18/2020,80,Pfizer,81,Neumonia,TRUE,Londres
8/19/2020,98,Pfizer,42,Neumonia,FALSE,Londres
4/12/2021,22,Pfizer,59,Neumonia,FALSE,Londres
4/28/2020,30,Pfizer,67,Neumonia,FALSE,Londres
8/12/2020,4,Pfizer,22,Neumonia,TRUE,Londres
12/5/2020,52,Pfizer,63,Neumonia,TRUE,Londres
10/25/2020,99,Pfizer,39,Neumonia,TRUE,Londres
3/12/2021,21,Pfizer,67,Neumonia,FALSE,Londres
5/17/2020,73,Pfizer,76,Neumonia,FALSE,Londres
6/4/2020,58,Pfizer,20,Neumonia,FALSE,Londres
12/8/2020,87,Pfizer,28,Neumonia,FALSE,Londres
6/16/2020,44,Pfizer,66,Neumonia,TRUE,Londres
9/29/2020,58,Pfizer,38,Neumonia,FALSE,Londres
2/14/2021,54,Pfizer,97,Neumonia,FALSE,Londres
5/23/2020,9,Pfizer,46,Neumonia,FALSE,Londres
10/26/2020,85,Pfizer,47,Neumonia,FALSE,Londres
4/8/2021,82,Pfizer,61,Neumonia,FALSE,Londres
9/5/2020,92,Pfizer,18,Neumonia,TRUE,Londres
8/6/2020,3,Pfizer,78,Neumonia,FALSE,Londres
4/27/2020,83,Pfizer,40,Neumonia,FALSE,Londres
10/31/2020,53,Pfizer,53,Neumonia,FALSE,Londres
9/26/2020,89,Pfizer,46,Neumonia,FALSE,Liverpool
11/9/2020,67,Pfizer,7,Neumonia,FALSE,Londres
1/12/2021,81,Pfizer,90,Congestion,FALSE,Londres
1/24/2021,17,Pfizer,94,Congestion,TRUE,Londres
12/13/2020,8,Pfizer,87,Congestion,TRUE,Londres
11/29/2020,82,Pfizer,90,Congestion,TRUE,Londres
10/28/2020,46,Pfizer,95,Congestion,TRUE,Londres
8/21/2020,6,Pfizer,10,Congestion,TRUE,Londres
3/2/2021,71,Pfizer,27,Congestion,FALSE,Londres
3/13/2021,29,Pfizer,61,Congestion,FALSE,Londres
3/31/2021,92,Pfizer,92,Congestion,TRUE,Londres
6/10/2020,41,Pfizer,62,Congestion,FALSE,Londres
1/29/2021,22,Pfizer,79,Congestion,TRUE,Londres
8/3/2020,30,Pfizer,12,Congestion,FALSE,Londres
10/17/2020,54,Pfizer,52,Congestion,FALSE,Londres
11/10/2020,55,Pfizer,61,Congestion,TRUE,Londres
5/26/2020,41,Pfizer,37,Congestion,TRUE,Londres
10/7/2020,45,Pfizer,69,Congestion,TRUE,Londres
4/22/2021,13,Pfizer,66,Congestion,FALSE,Londres
4/24/2020,47,Pfizer,51,Congestion,TRUE,Londres
5/27/2020,55,Pfizer,12,Coma,FALSE,Londres
4/21/2021,2,Pfizer,54,Coma,TRUE,Londres
3/21/2021,26,Moderna,34,Coma,TRUE,Londres
4/27/2020,96,Moderna,9,Coma,FALSE,Londres
10/18/2020,83,Moderna,75,Coma,FALSE,Londres
11/24/2020,36,Moderna,30,Coma,TRUE,Londres
3/18/2021,48,Moderna,52,Coma,FALSE,Londres
5/14/2020,40,Moderna,51,Coma,TRUE,Londres
6/19/2020,57,Moderna,77,Coma,TRUE,Londres
4/2/2021,82,Moderna,60,Coma,FALSE,Londres
3/4/2021,69,Moderna,40,Coma,FALSE,Londres
2/27/2021,55,Moderna,92,Coma,TRUE,Londres
12/16/2020,44,Moderna,85,Coma,TRUE,Londres
8/13/2020,3,Moderna,18,Coma,FALSE,Londres
1/10/2021,25,Moderna,79,Coma,FALSE,Londres
7/29/2020,16,Moderna,17,Coma,TRUE,Londres
4/21/2021,86,Moderna,44,Coma,TRUE,Londres
7/12/2020,52,Moderna,7,Coma,FALSE,Londres
1/1/2021,2,Moderna,34,Coma,TRUE,Londres
12/31/2020,51,Moderna,52,Coma,FALSE,Londres
6/15/2020,69,Moderna,12,Coma,TRUE,Londres
2/2/2021,98,Moderna,80,Coma,FALSE,Londres
11/13/2020,73,Moderna,46,Coma,TRUE,Londres
5/9/2020,96,Moderna,88,Coma,FALSE,Londres
10/13/2020,15,Moderna,83,Coma,TRUE,Londres
11/18/2020,26,Moderna,80,Coma,TRUE,Londres
11/10/2020,80,Moderna,45,Coma,TRUE,Londres
12/18/2020,28,Moderna,20,Coma,TRUE,Londres
11/29/2020,38,Moderna,77,Coma,FALSE,Londres
2/7/2021,38,Moderna,47,Coma,TRUE,Londres
1/5/2021,77,Astrazeneca,18,Coma,FALSE,Londres
8/8/2020,99,Astrazeneca,34,Coma,TRUE,Londres
10/19/2020,27,Astrazeneca,55,Coma,FALSE,Londres
4/18/2021,98,Astrazeneca,37,Coma,TRUE,Londres
1/12/2021,44,Astrazeneca,25,Coma,FALSE,Londres
3/11/2021,21,Astrazeneca,88,Coma,TRUE,Londres
5/28/2020,40,Astrazeneca,55,Coma,TRUE,Londres
5/17/2020,12,Astrazeneca,60,Coma,TRUE,Londres
1/27/2021,15,Astrazeneca,34,Coma,TRUE,Londres
8/4/2020,96,Astrazeneca,30,Congestion,TRUE,Londres
7/22/2020,72,Astrazeneca,25,Congestion,TRUE,Londres
9/7/2020,100,Astrazeneca,20,Congestion,FALSE,Londres
8/6/2020,24,Astrazeneca,13,Congestion,TRUE,Londres
5/26/2020,85,Astrazeneca,15,Congestion,TRUE,Londres
8/25/2020,100,Astrazeneca,97,Congestion,TRUE,Londres
11/17/2020,98,Astrazeneca,41,Neumonia,TRUE,Londres
7/5/2020,33,Astrazeneca,10,Neumonia,FALSE,Londres
9/26/2020,92,Astrazeneca,52,Neumonia,FALSE,Londres
7/5/2020,29,Astrazeneca,52,Neumonia,TRUE,Londres
2/3/2021,81,Astrazeneca,93,Neumonia,FALSE,Londres
4/28/2020,29,Astrazeneca,70,Neumonia,FALSE,Londres
7/29/2020,13,Astrazeneca,67,Neumonia,TRUE,Londres
7/28/2020,14,Astrazeneca,71,Neumonia,TRUE,Londres
11/14/2020,60,Astrazeneca,33,Neumonia,FALSE,Luton
11/9/2020,94,Astrazeneca,33,Neumonia,TRUE,Luton
5/27/2020,15,Astrazeneca,4,Neumonia,TRUE,Luton
2/20/2021,19,Astrazeneca,85,Neumonia,FALSE,Luton
2/21/2021,52,Astrazeneca,74,Neumonia,TRUE,Luton
5/24/2020,66,Astrazeneca,14,Neumonia,TRUE,Luton
12/16/2020,71,Astrazeneca,7,Neumonia,FALSE,Luton
4/6/2021,13,Astrazeneca,37,Neumonia,TRUE,Luton
10/12/2020,53,Astrazeneca,62,Neumonia,TRUE,Luton
8/18/2020,21,Astrazeneca,65,Neumonia,TRUE,Luton
1/14/2021,53,Astrazeneca,58,Neumonia,FALSE,Luton
1/2/2021,53,Astrazeneca,1,Neumonia,FALSE,Luton
1/31/2021,11,Astrazeneca,24,Neumonia,FALSE,Luton
1/18/2021,14,Astrazeneca,55,Neumonia,FALSE,Luton
7/25/2020,56,Astrazeneca,80,Neumonia,TRUE,Luton
1/10/2021,11,Astrazeneca,8,Neumonia,FALSE,Luton
12/9/2020,64,Astrazeneca,93,Neumonia,FALSE,Luton
1/5/2021,74,Astrazeneca,23,Neumonia,FALSE,Luton
8/1/2020,92,Astrazeneca,13,Neumonia,FALSE,Luton
3/6/2021,53,Astrazeneca,39,Neumonia,TRUE,Luton
1/29/2021,62,Astrazeneca,5,Neumonia,FALSE,Luton
7/5/2020,11,Astrazeneca,51,Neumonia,TRUE,Luton
6/4/2020,85,Astrazeneca,96,Neumonia,TRUE,Luton
3/31/2021,56,Astrazeneca,22,Neumonia,FALSE,Luton
12/26/2020,21,Astrazeneca,26,Neumonia,TRUE,Luton
8/21/2020,59,Astrazeneca,8,Neumonia,FALSE,Luton
9/10/2020,94,Astrazeneca,51,Neumonia,TRUE,Luton
10/29/2020,64,Astrazeneca,45,Neumonia,TRUE,Luton
6/21/2020,55,Astrazeneca,70,Neumonia,TRUE,Luton
1/5/2021,21,Astrazeneca,52,Neumonia,TRUE,Luton
6/27/2020,34,Astrazeneca,53,Neumonia,FALSE,Luton
10/12/2020,69,Astrazeneca,34,Neumonia,TRUE,Luton
9/23/2020,85,Astrazeneca,85,Neumonia,FALSE,Luton
6/20/2020,53,Astrazeneca,44,Neumonia,FALSE,Luton
6/8/2020,53,Astrazeneca,19,Congestion,TRUE,Luton
10/16/2020,63,Astrazeneca,31,Congestion,TRUE,Luton
9/22/2020,62,Pfizer,18,Congestion,TRUE,Luton
9/25/2020,62,Pfizer,20,Congestion,FALSE,Luton
3/8/2021,76,Pfizer,30,Congestion,FALSE,Luton
7/18/2020,79,Pfizer,56,Congestion,TRUE,Luton
10/23/2020,12,Pfizer,82,Congestion,TRUE,Luton
4/4/2021,82,Pfizer,93,Congestion,FALSE,Luton
11/11/2020,90,Pfizer,73,Congestion,FALSE,Luton
2/27/2021,89,Pfizer,13,Congestion,TRUE,Luton
9/9/2020,86,Pfizer,93,Congestion,TRUE,Luton
4/6/2021,28,Pfizer,76,Congestion,FALSE,Luton
11/27/2020,40,Pfizer,58,Congestion,TRUE,Luton
3/30/2021,4,Pfizer,38,Congestion,FALSE,Luton
6/29/2020,39,Pfizer,90,Congestion,TRUE,Luton
9/19/2020,64,Pfizer,34,Congestion,FALSE,Luton
8/22/2020,62,Pfizer,49,Congestion,FALSE,Luton
1/19/2021,28,Pfizer,5,Congestion,TRUE,Luton
8/19/2020,2,Pfizer,62,Congestion,FALSE,Luton
11/30/2020,1,Pfizer,10,Congestion,FALSE,Luton
4/22/2021,27,Pfizer,70,Congestion,TRUE,Luton
4/5/2021,24,Pfizer,34,Congestion,FALSE,Luton
3/7/2021,23,Pfizer,88,Congestion,TRUE,Luton
12/23/2020,48,Pfizer,42,Fiebre,FALSE,Luton
10/14/2020,75,Pfizer,95,Fiebre,TRUE,Luton
10/6/2020,28,Pfizer,94,Fiebre,TRUE,Luton
5/20/2020,56,Pfizer,40,Fiebre,FALSE,Luton
4/15/2021,40,Pfizer,14,Fiebre,TRUE,Luton
3/17/2021,82,Pfizer,90,Fiebre,FALSE,Londres
4/21/2021,55,Pfizer,14,Fiebre,FALSE,Londres
9/11/2020,41,Pfizer,60,Fiebre,TRUE,Londres
8/23/2020,88,Pfizer,31,Fiebre,TRUE,Londres
2/9/2021,15,Pfizer,11,Fiebre,FALSE,Londres
7/22/2020,58,Pfizer,36,Fiebre,TRUE,Londres
9/29/2020,77,Pfizer,81,Fiebre,FALSE,Londres
10/8/2020,9,Pfizer,90,Fiebre,TRUE,Londres
12/21/2020,32,Pfizer,58,Fiebre,FALSE,Londres
4/25/2020,55,Pfizer,33,Fiebre,FALSE,Londres
11/2/2020,80,Pfizer,65,Fiebre,TRUE,Londres
4/5/2021,72,Pfizer,36,Fiebre,TRUE,Londres
1/30/2021,99,Pfizer,91,Fiebre,FALSE,Londres
12/4/2020,40,Pfizer,5,Fiebre,FALSE,Londres
9/26/2020,3,Pfizer,83,Fiebre,TRUE,Londres
3/16/2021,87,Pfizer,95,Fiebre,TRUE,Londres
2/20/2021,90,Pfizer,11,Fiebre,FALSE,Londres
3/29/2021,38,Pfizer,59,Fiebre,FALSE,Londres
12/18/2020,17,Pfizer,50,Fiebre,FALSE,Londres
6/22/2020,81,Pfizer,81,Fiebre,FALSE,Londres
9/1/2020,27,Pfizer,29,Fiebre,FALSE,Londres
1/19/2021,84,Pfizer,37,Fiebre,TRUE,Londres
10/10/2020,93,Pfizer,75,Fiebre,FALSE,Londres
9/12/2020,21,Pfizer,28,Fiebre,TRUE,Londres
10/30/2020,27,Pfizer,56,Fiebre,FALSE,Londres
9/16/2020,10,Pfizer,6,Fiebre,FALSE,Londres
6/30/2020,42,Pfizer,32,Fiebre,TRUE,Londres
9/14/2020,10,Pfizer,53,Fiebre,FALSE,Londres
12/11/2020,92,Pfizer,95,Fiebre,TRUE,Londres
10/15/2020,31,Pfizer,80,Fiebre,TRUE,Londres
11/3/2020,44,Pfizer,43,Fiebre,FALSE,Londres
4/7/2021,71,Pfizer,56,Fiebre,FALSE,Londres
5/15/2020,96,Pfizer,71,Fiebre,TRUE,Londres
12/21/2020,2,Pfizer,45,Fiebre,TRUE,Londres
12/4/2020,42,Pfizer,82,Fiebre,FALSE,Londres
2/1/2021,12,Pfizer,64,Fiebre,FALSE,Londres
12/8/2020,44,Pfizer,92,Fiebre,TRUE,Londres
11/10/2020,89,Pfizer,76,Fiebre,FALSE,Londres
6/29/2020,97,Pfizer,72,Fiebre,TRUE,Londres
1/11/2021,33,Pfizer,17,Fiebre,TRUE,Liverpool
4/15/2021,68,Pfizer,6,Fiebre,FALSE,Liverpool
3/14/2021,77,Pfizer,71,Fiebre,FALSE,Liverpool
7/25/2020,30,Pfizer,47,Fiebre,FALSE,Liverpool
1/2/2021,72,Pfizer,17,Fiebre,TRUE,Liverpool
10/3/2020,86,Pfizer,73,Fiebre,TRUE,Liverpool
3/5/2021,20,Pfizer,25,Fiebre,TRUE,Liverpool
12/12/2020,91,Pfizer,100,Fiebre,TRUE,Liverpool
11/24/2020,90,Pfizer,67,Fiebre,FALSE,Liverpool
3/22/2021,47,Moderna,7,Fiebre,FALSE,Liverpool
5/30/2020,32,Moderna,6,Fiebre,TRUE,Liverpool
1/9/2021,68,Moderna,88,Fiebre,FALSE,Liverpool
12/16/2020,33,Moderna,60,Fiebre,TRUE,Liverpool
1/9/2021,58,Moderna,64,Fiebre,FALSE,Liverpool
9/5/2020,74,Moderna,75,Fiebre,FALSE,Liverpool
9/2/2020,10,Moderna,32,Fiebre,FALSE,Liverpool
11/11/2020,54,Moderna,20,Fiebre,FALSE,Liverpool
4/23/2021,13,Moderna,85,Fiebre,TRUE,Liverpool
2/23/2021,54,Moderna,19,Fiebre,FALSE,Liverpool
3/25/2021,84,Moderna,56,Congestion,TRUE,Liverpool
2/5/2021,21,Moderna,66,Congestion,FALSE,Liverpool
12/28/2020,23,Moderna,34,Congestion,TRUE,Liverpool
5/28/2020,34,Moderna,72,Congestion,TRUE,Liverpool
11/15/2020,76,Moderna,76,Congestion,FALSE,Liverpool
8/13/2020,98,Moderna,91,Congestion,TRUE,Liverpool
1/2/2021,83,Moderna,89,Congestion,TRUE,Liverpool
4/25/2020,54,Moderna,36,Congestion,TRUE,Liverpool
6/24/2020,51,Moderna,6,Coma,TRUE,Liverpool
6/7/2020,39,Moderna,6,Coma,FALSE,Liverpool
6/24/2020,75,Moderna,53,Coma,FALSE,Liverpool
3/22/2021,3,Moderna,84,Coma,FALSE,Liverpool
2/3/2021,49,Moderna,14,Coma,TRUE,Liverpool
5/7/2020,88,Moderna,91,Coma,FALSE,Liverpool
7/27/2020,14,Moderna,6,Coma,FALSE,Liverpool
4/17/2021,21,Moderna,73,Coma,FALSE,Liverpool
2/21/2021,51,Moderna,70,Coma,TRUE,Liverpool
3/24/2021,44,Moderna,68,Coma,TRUE,Liverpool
5/8/2020,22,Moderna,50,Coma,TRUE,Liverpool
11/13/2020,69,Moderna,15,Coma,FALSE,Liverpool
4/4/2021,39,Moderna,87,Coma,TRUE,Liverpool
10/6/2020,72,Moderna,99,Coma,TRUE,Liverpool
12/26/2020,72,Moderna,12,Coma,TRUE,Liverpool
6/24/2020,52,Moderna,70,Coma,FALSE,Liverpool
6/6/2020,64,Moderna,42,Coma,FALSE,Londres
3/13/2021,39,Moderna,44,Coma,FALSE,Londres
5/4/2020,91,Moderna,36,Coma,TRUE,Londres
6/6/2020,87,Moderna,19,Coma,FALSE,Londres
4/22/2021,71,Moderna,64,Coma,TRUE,Londres
4/6/2021,94,Moderna,95,Coma,TRUE,Londres
3/3/2021,88,Moderna,53,Coma,FALSE,Londres
5/18/2020,77,Moderna,8,Coma,FALSE,Londres
2/4/2021,59,Moderna,8,Coma,FALSE,Londres
2/8/2021,47,Moderna,39,Coma,FALSE,Londres
12/19/2020,33,Moderna,29,Coma,TRUE,Londres
3/6/2021,51,Moderna,100,Coma,FALSE,Londres
11/22/2020,61,Moderna,6,Coma,FALSE,Londres
1/18/2021,7,Moderna,62,Coma,TRUE,Londres
6/11/2020,16,Moderna,87,Coma,FALSE,Londres
5/30/2020,80,Moderna,12,Congestion,FALSE,Londres
10/28/2020,16,Moderna,14,Congestion,TRUE,Londres
9/1/2020,72,Moderna,27,Congestion,FALSE,Londres
5/10/2020,65,Moderna,19,Congestion,TRUE,Londres
4/8/2021,52,Moderna,71,Congestion,TRUE,Londres
12/12/2020,88,Moderna,18,Congestion,TRUE,Londres
2/18/2021,52,Moderna,23,Congestion,TRUE,Londres
6/10/2020,46,Moderna,41,Congestion,TRUE,Londres
3/16/2021,40,Moderna,70,Congestion,TRUE,Londres
8/24/2020,55,Moderna,17,Congestion,TRUE,Londres
10/4/2020,82,Moderna,37,Congestion,FALSE,Londres
5/30/2020,18,Moderna,87,Congestion,TRUE,Londres
7/31/2020,56,Moderna,49,Congestion,TRUE,Londres
3/22/2021,41,Moderna,13,Congestion,FALSE,Londres
6/12/2020,20,Moderna,71,Congestion,TRUE,Luton
3/18/2021,41,Moderna,95,Congestion,TRUE,Luton
9/12/2020,22,Moderna,61,Congestion,FALSE,Luton
1/15/2021,88,Moderna,80,Congestion,TRUE,Luton
11/9/2020,49,Moderna,26,Congestion,TRUE,Luton
3/27/2021,23,Moderna,50,Congestion,TRUE,Luton
12/12/2020,27,Moderna,68,Congestion,TRUE,Luton
8/30/2020,80,Moderna,67,Congestion,FALSE,Luton
12/12/2020,85,Moderna,78,Congestion,TRUE,Luton
2/27/2021,45,Moderna,75,Congestion,TRUE,Luton
8/14/2020,42,Moderna,62,Congestion,FALSE,Luton
4/30/2020,31,Moderna,84,Congestion,FALSE,Luton
1/9/2021,85,Moderna,90,Congestion,FALSE,Luton
4/18/2021,13,Moderna,97,Congestion,FALSE,Luton
3/25/2021,97,Pfizer,61,Neumonia,TRUE,Luton
3/29/2021,56,Pfizer,64,Neumonia,TRUE,Luton
2/24/2021,37,Pfizer,56,Neumonia,FALSE,Luton
5/15/2020,53,Pfizer,39,Neumonia,FALSE,Luton
2/22/2021,70,Pfizer,79,Neumonia,TRUE,Luton
4/6/2021,95,Pfizer,72,Neumonia,TRUE,Luton
10/12/2020,21,Pfizer,52,Neumonia,TRUE,Luton
11/9/2020,86,Pfizer,66,Neumonia,TRUE,Luton
7/17/2020,3,Pfizer,9,Neumonia,TRUE,Luton
4/28/2020,37,Pfizer,57,Neumonia,FALSE,Luton
3/6/2021,57,Pfizer,77,Neumonia,FALSE,Luton
4/9/2021,6,Pfizer,77,Neumonia,TRUE,Luton
10/30/2020,29,Pfizer,18,Neumonia,TRUE,Luton
8/19/2020,75,Pfizer,14,Neumonia,TRUE,Luton
12/15/2020,96,Pfizer,9,Neumonia,FALSE,Luton
5/12/2020,15,Pfizer,40,Neumonia,FALSE,Luton
10/21/2020,20,Pfizer,23,Neumonia,TRUE,Luton
9/27/2020,42,Pfizer,16,Neumonia,FALSE,Luton
4/27/2020,46,Pfizer,5,Neumonia,FALSE,Luton
11/30/2020,83,Pfizer,33,Neumonia,TRUE,Luton
4/22/2021,88,Pfizer,69,Neumonia,TRUE,Luton
9/28/2020,94,Pfizer,52,Neumonia,TRUE,Luton
7/27/2020,21,Pfizer,83,Neumonia,TRUE,Londres
9/27/2020,52,Pfizer,81,Neumonia,TRUE,Londres
3/5/2021,53,Pfizer,30,Neumonia,TRUE,Londres
8/9/2020,52,Pfizer,58,Neumonia,TRUE,Londres
3/9/2021,14,Pfizer,12,Neumonia,FALSE,Liverpool
11/22/2020,100,Pfizer,8,Neumonia,FALSE,Liverpool
4/18/2021,18,Pfizer,64,Congestion,TRUE,Liverpool
5/31/2020,76,Pfizer,30,Congestion,FALSE,Liverpool
7/9/2020,33,Pfizer,85,Congestion,TRUE,Liverpool
6/21/2020,54,Pfizer,13,Congestion,TRUE,Liverpool
5/20/2020,71,Pfizer,75,Congestion,FALSE,Liverpool
11/16/2020,79,Pfizer,12,Congestion,FALSE,Liverpool
7/24/2020,37,Pfizer,40,Congestion,TRUE,Liverpool
5/11/2020,16,Pfizer,77,Congestion,FALSE,Liverpool
7/2/2020,41,Pfizer,79,Congestion,FALSE,Liverpool
6/2/2020,58,Pfizer,35,Congestion,FALSE,Liverpool
4/28/2020,92,Pfizer,93,Congestion,TRUE,Liverpool
12/5/2020,88,Pfizer,25,Congestion,FALSE,Liverpool
6/18/2020,33,Pfizer,19,Congestion,FALSE,Liverpool
10/19/2020,8,Pfizer,52,Congestion,TRUE,Liverpool
12/18/2020,16,Pfizer,34,Congestion,TRUE,Liverpool
1/18/2021,35,Pfizer,41,Congestion,TRUE,Liverpool
11/28/2020,59,Pfizer,60,Congestion,FALSE,Liverpool
12/8/2020,32,Pfizer,4,Congestion,FALSE,Liverpool
3/7/2021,96,Pfizer,7,Congestion,TRUE,Liverpool
10/21/2020,91,Pfizer,20,Congestion,TRUE,Liverpool
6/10/2020,48,Pfizer,50,Congestion,TRUE,Liverpool
5/20/2020,2,Pfizer,32,Congestion,FALSE,Liverpool
9/8/2020,47,Pfizer,45,Coma,TRUE,Liverpool
5/9/2020,79,Pfizer,68,Coma,FALSE,Liverpool
1/22/2021,74,Pfizer,47,Coma,FALSE,Liverpool
7/15/2020,41,Pfizer,8,Coma,FALSE,Liverpool
9/11/2020,34,Pfizer,37,Coma,FALSE,Liverpool
6/12/2020,39,Pfizer,21,Coma,TRUE,Liverpool
3/16/2021,2,Pfizer,34,Coma,TRUE,Liverpool
11/20/2020,89,Pfizer,31,Coma,FALSE,Liverpool
4/1/2021,36,Pfizer,58,Coma,TRUE,Liverpool
3/20/2021,39,Pfizer,62,Coma,FALSE,Liverpool
9/5/2020,88,Pfizer,80,Coma,FALSE,Liverpool
9/29/2020,64,Pfizer,74,Coma,TRUE,Liverpool
7/19/2020,18,Pfizer,99,Coma,TRUE,Liverpool
5/9/2020,24,Pfizer,68,Coma,FALSE,Liverpool